V,Liger,Hugging Face
4096.000000,0.524192,0.875760
8192.000000,0.742528,1.188064
16384.000000,1.394592,1.948384
32768.000000,2.798784,5.321456
65536.000000,6.786848,10.649792
131072.000000,15.017887,20.725088
