V,Liger,Hugging Face
4096.000000,0.863904,2.225536
8192.000000,1.453952,3.597504
16384.000000,2.736752,6.710528
32768.000000,5.405024,15.392112
65536.000000,11.937504,30.772928
131072.000000,25.228384,61.549057
